,mu,mu_star,sigma,mu_star_conf
WS10m_avg,953.3096394580638,1203.0482899982223,2872.3648342402907,182.81036053681757
Ta_Avg,-2145.2014768931635,2188.8351510391426,3875.09214091128,248.37079421156173
DR_Avg,-237.97693422799904,606.055000198711,1620.520062913582,89.85190923067184
Rain_Tot,960.1314967424529,974.958639793717,2330.450012087197,160.97512073259284
RH_Avg,-248.36170751639438,254.77060885179915,755.0919654494119,43.26266504895848
Pvapor_Avg,664.3508254595774,681.6035508244274,2453.245676948928,141.79088377797916
VWC_5cm_Avg,-49.42075490627846,93.66793522569347,279.73199013300194,17.130850923697107
VWC_10cm_Avg,35.361934199433435,39.56896919184127,99.11885228789387,6.015249200600515
VWC_20cm_Avg,-11.501974333443174,12.350803706811352,23.59970698150913,1.344110790605733
