,Inhalation,Skin absorption,Salad vegetables,Radish and turnip,Potatoes,Carrots,String beans,Peas,Tomatoes,Cereals,Beef,Milk,Chicken and eggs
Canada,1.05E-01,1.05E-01,4.41E-02,1.27E-03,8.46E-03,2.11E-03,6.05E-03,6.05E-03,1.21E-02,1.26E-01,3.49E-02,1.74E-01,1.40E-02
India,4.97E-02,4.97E-02,2.69E-02,4.57E-03,1.47E-01,9.75E-03,8.44E-03,8.43E-03,2.26E-02,8.50E-02,1.06E-03,2.60E-02,1.28E-04
Korea,7.62E-02,4.78E-02,1.64E-01,2.69E-02,6.77E-02,2.55E-02,4.29E-02,4.45E-02,2.07E-02,3.90E-01,2.45E-03,8.50E-04,0
France,5.16E-01,2.06E-01,1.99E-01,3.48E-02,5.12E-01,5.13E-02,7.94E-02,7.94E-02,1.52E-01,6.40E+00,9.42E-01,5.09E-01,1.73E-03
Japanet,1.89E-02,1.31E-02,5.28E-03,3.24E-03,6.80E-02,6.48E-03,6.50E-03,4.33E-03,6.24E-03,3.84E-01,2.12E-02,1.67E-02,2.03E-03
Romania,1.00E-01,,4.45E-02,6.30E-02,1.50E-01,2.60E-03,,,,2.44E-01,3.00E-02,9.60E-02,1.30E-02
Germany,1.31E-02,8.33E-03,1.14E-02,0,5.11E-02,0,0,0,0,6.09E-01,1.27E-02,3.57E-02,0
Japan K,2.90E-02,1.45E-02,2.68E-01,7.06E-05,1.53E-05,1.35E-06,8.46E-02,8.46E-02,4.35E-04,1.57E-01,6.55E-03,2.74E-02,6.96E-05
Dmitte,0.07352350104,0,0,0,0.07183,0,0,0,0.225,0.25459,0,0,0